{
  "version": 1,
  "author": "Najwa Firdaus",
  "editor": "wokwi",
  "parts": [
    { "type": "board-esp32-devkit-c-v4", "id": "esp", "top": 0, "left": 100.84, "attrs": {} },
    {
      "type": "wokwi-led",
      "id": "led1",
      "top": 25.2,
      "left": -245.8,
      "attrs": { "color": "red" }
    },
    {
      "type": "wokwi-led",
      "id": "led2",
      "top": 92.4,
      "left": -159.4,
      "attrs": { "color": "yellow" }
    },
    { "type": "wokwi-led", "id": "led3", "top": 150, "left": -73, "attrs": { "color": "green" } }
  ],
  "connections": [
    [ "esp:TX", "$serialMonitor:RX", "", [] ],
    [ "esp:RX", "$serialMonitor:TX", "", [] ],
    [ "led1:C", "esp:GND.2", "violet", [ "v0" ] ],
    [ "led2:C", "esp:GND.2", "magenta", [ "v0" ] ],
    [ "led3:A", "esp:32", "green", [ "v0" ] ],
    [ "led3:C", "esp:GND.2", "purple", [ "v0" ] ],
    [ "led1:A", "esp:22", "green", [ "v0" ] ],
    [ "led2:A", "esp:23", "green", [ "v0" ] ]
  ],
  "dependencies": {}
}